{
  "train_losses": [
    1.6168364376790336,
    1.6087008490430363,
    1.5974109063787765,
    1.5891327387724947,
    1.5837427780750626,
    1.580374955493774,
    1.5783101012218745,
    1.5770322847402376,
    1.5762456196712937,
    1.5757600584089881,
    1.5754467080410648
  ],
  "val_f1_scores": [
    0.06394446712944059,
    0.0773814190513524,
    0.08671488389798249,
    0.08671488389798249,
    0.08671488389798249,
    0.08671488389798249,
    0.08671488389798249,
    0.08671488389798249,
    0.08671488389798249,
    0.08671488389798249,
    0.08671488389798249
  ],
  "best_val_f1": 0.08671488389798249,
  "final_test_f1": 0.07983140147523708
}